{"cameraMode":{"drawMode":0,"name":"Shaded","section":"Shading Mode"},"sceneLighting":false,"audioPlay":false,"sceneViewState":{"m_AlwaysRefresh":false,"showFog":true,"showSkybox":false,"showFlares":true,"showImageEffects":true,"showParticleSystems":true,"showVisualEffectGraphs":true,"m_FxEnabled":true},"in2DMode":false,"pivot":{"x":0.10270038992166519,"y":2.1985015869140627,"z":3.9495208263397219},"rotation":{"x":0.002297742757946253,"y":0.7180423140525818,"z":-0.6959986686706543,"w":0.0023691882379353048},"size":24.35110092163086,"orthographic":false}