{"cameraMode":{"drawMode":0,"name":"Shaded","section":"Shading Mode"},"sceneLighting":true,"audioPlay":false,"sceneViewState":{"m_AlwaysRefresh":false,"showFog":true,"showSkybox":true,"showFlares":true,"showImageEffects":true,"showParticleSystems":true,"showVisualEffectGraphs":true,"m_FxEnabled":true},"in2DMode":false,"pivot":{"x":589.8970947265625,"y":239.9803466796875,"z":183.8404541015625},"rotation":{"x":0.03030611388385296,"y":0.0029945613350719215,"z":-0.00009046971536008641,"w":0.9995434880256653},"size":454.2098388671875,"orthographic":false}