{"cameraMode":{"drawMode":0,"name":"Shaded","section":"Shading Mode"},"sceneLighting":true,"audioPlay":false,"sceneViewState":{"m_AlwaysRefresh":false,"showFog":true,"showSkybox":true,"showFlares":true,"showImageEffects":true,"showParticleSystems":true,"showVisualEffectGraphs":true,"m_FxEnabled":true},"in2DMode":false,"pivot":{"x":0.06551308929920197,"y":-12.640396118164063,"z":2.7734947204589845},"rotation":{"x":0.679670512676239,"y":0.0021974178962409498,"z":-0.0020364313386380674,"w":0.7335214614868164},"size":31.840293884277345,"orthographic":false}