{"cameraMode":{"drawMode":0,"name":"Shaded","section":"Shading Mode"},"sceneLighting":true,"audioPlay":false,"sceneViewState":{"m_AlwaysRefresh":false,"showFog":true,"showSkybox":true,"showFlares":true,"showImageEffects":true,"showParticleSystems":true,"showVisualEffectGraphs":true,"m_FxEnabled":true},"in2DMode":false,"pivot":{"x":9.900635719299317,"y":63.073150634765628,"z":63.83073425292969},"rotation":{"x":-0.4011826515197754,"y":0.0005466440343298018,"z":-0.000240462992223911,"w":-0.915991485118866},"size":156.4914093017578,"orthographic":false}