{"cameraMode":{"drawMode":0,"name":"Shaded","section":"Shading Mode"},"sceneLighting":true,"audioPlay":false,"sceneViewState":{"m_AlwaysRefresh":false,"showFog":true,"showSkybox":true,"showFlares":true,"showImageEffects":true,"showParticleSystems":true,"showVisualEffectGraphs":true,"m_FxEnabled":true},"in2DMode":false,"pivot":{"x":0.4254814684391022,"y":2.024250030517578,"z":0.2284853458404541},"rotation":{"x":-0.7066684365272522,"y":-0.00488446606323123,"z":0.004877401981502771,"w":-0.7074992060661316},"size":25.808042526245118,"orthographic":false}