{"cameraMode":{"drawMode":0,"name":"Shaded","section":"Shading Mode"},"sceneLighting":true,"audioPlay":false,"sceneViewState":{"m_AlwaysRefresh":false,"showFog":true,"showSkybox":true,"showFlares":true,"showImageEffects":true,"showParticleSystems":true,"showVisualEffectGraphs":true,"m_FxEnabled":true},"in2DMode":false,"pivot":{"x":1.0460597276687623,"y":2.2523040771484377,"z":-3.0669331550598146},"rotation":{"x":-0.6905723810195923,"y":-0.004992959089577198,"z":0.0047662812285125259,"w":-0.7232189178466797},"size":26.700035095214845,"orthographic":false}