{"cameraMode":{"drawMode":0,"name":"Shaded","section":"Shading Mode"},"sceneLighting":false,"audioPlay":false,"sceneViewState":{"m_AlwaysRefresh":false,"showFog":true,"showSkybox":false,"showFlares":true,"showImageEffects":true,"showParticleSystems":true,"showVisualEffectGraphs":true,"m_FxEnabled":true},"in2DMode":false,"pivot":{"x":-0.5406574010848999,"y":0.2672172784805298,"z":-20.23920249938965},"rotation":{"x":-0.01777123473584652,"y":0.9807446599006653,"z":-0.16210778057575227,"w":-0.10752195864915848},"size":2.0335543155670168,"orthographic":false}