{"cameraMode":{"drawMode":0,"name":"Shaded","section":"Shading Mode"},"sceneLighting":false,"audioPlay":false,"sceneViewState":{"m_AlwaysRefresh":false,"showFog":true,"showSkybox":false,"showFlares":true,"showImageEffects":true,"showParticleSystems":true,"showVisualEffectGraphs":true,"m_FxEnabled":true},"in2DMode":false,"pivot":{"x":653.3677978515625,"y":269.3573303222656,"z":3.9013519287109377},"rotation":{"x":0.0018106445204466582,"y":0.005995906423777342,"z":-0.00001053224696079269,"w":0.9999874234199524},"size":280.7423095703125,"orthographic":false}